title,slug,category,brand,price_kes,compare_at_price,short_specs,short_description,description_html,meta_title,meta_description,focus_keyword,search_keywords,condition,warranty,stock_status
"HP ZBook 15 G8 Workstation Laptop - Intel Core i7, 16GB RAM, 512GB Storage",hp-zbook-15-g8-workstation-laptop-i7-16gb-512gb,Workstation Laptop,HP,66500,74500,Intel Core i7; 16GB RAM; 512GB Storage; 11th Gen; 4GB Graphics,"Refurbished HP ZBook 15 G8 workstation laptop with Intel Core i7, 16GB RAM, 512GB Storage, 11th Gen, and 4GB Graphics. Available from SES ICT HUB in Nairobi, Kenya.","<p>HP ZBook 15 G8 is a refurbished workstation laptop available from SES ICT HUB in Nairobi, Kenya. This unit is listed with Intel Core i7, 16GB RAM, 512GB Storage, and 11th Gen at KES 66,500.</p>
<ul>
<li>Processor: Intel Core i7</li>
<li>Memory: 16GB RAM</li>
<li>Storage: 512GB Storage</li>
<li>Platform note: 11th Gen</li>
<li>Graphics note: 4GB Graphics</li>
</ul>
<h3>Ideal Use</h3>
<p>Ideal for office workloads, coding, advanced spreadsheets, design-related tasks, and other professional workflows that benefit from a mobile workstation layout.</p>
<h3>Condition &amp; Warranty</h3>
<p>Condition: Refurbished. Warranty: 3-month limited hardware warranty from SES ICT HUB unless stated otherwise. Please confirm the exact unit details, included accessories, and cosmetic state before purchase.</p>",HP ZBook 15 G8 16GB 512GB Price in Kenya | SES ICT HUB,"Buy HP ZBook 15 G8 with Intel Core i7, 16GB RAM, 512GB Storage, and 11th Gen at KES 66,500 from SES ICT HUB in Nairobi, Kenya. Refurbished. 3-month limited",HP ZBook 15 G8 price in Kenya,"HP ZBook 15 G8 price in Kenya, HP ZBook 15 G8, HP ZBook 15 G8 Nairobi, HP ZBook 15 G8 16GB 512GB, HP Workstation Laptop Kenya, refurbished HP Workstation Laptop Kenya, HP ZBook 15 G8 Nairobi, Kenya",Refurbished,3-month limited hardware warranty from SES ICT HUB unless stated otherwise.,in_stock
"HP ZBook 14 G8 Workstation Laptop - Intel Core i7, 16GB RAM, 512GB Storage",hp-zbook-14-g8-workstation-laptop-i7-16gb-512gb,Workstation Laptop,HP,63500,71200,Intel Core i7; 16GB RAM; 512GB Storage; 11th Gen; 4GB Graphics,"Refurbished HP ZBook 14 G8 workstation laptop with Intel Core i7, 16GB RAM, 512GB Storage, 11th Gen, and 4GB Graphics. Available from SES ICT HUB in Nairobi, Kenya.","<p>HP ZBook 14 G8 is a refurbished workstation laptop available from SES ICT HUB in Nairobi, Kenya. This unit is listed with Intel Core i7, 16GB RAM, 512GB Storage, and 11th Gen at KES 63,500.</p>
<ul>
<li>Processor: Intel Core i7</li>
<li>Memory: 16GB RAM</li>
<li>Storage: 512GB Storage</li>
<li>Platform note: 11th Gen</li>
<li>Graphics note: 4GB Graphics</li>
</ul>
<h3>Ideal Use</h3>
<p>Ideal for office workloads, coding, advanced spreadsheets, design-related tasks, and other professional workflows that benefit from a mobile workstation layout.</p>
<h3>Condition &amp; Warranty</h3>
<p>Condition: Refurbished. Warranty: 3-month limited hardware warranty from SES ICT HUB unless stated otherwise. Please confirm the exact unit details, included accessories, and cosmetic state before purchase.</p>",HP ZBook 14 G8 16GB 512GB Price in Kenya | SES ICT HUB,"Buy HP ZBook 14 G8 with Intel Core i7, 16GB RAM, 512GB Storage, and 11th Gen at KES 63,500 from SES ICT HUB in Nairobi, Kenya. Refurbished. 3-month limited",HP ZBook 14 G8 price in Kenya,"HP ZBook 14 G8 price in Kenya, HP ZBook 14 G8, HP ZBook 14 G8 Nairobi, HP ZBook 14 G8 16GB 512GB, HP Workstation Laptop Kenya, refurbished HP Workstation Laptop Kenya, HP ZBook 14 G8 Nairobi, Kenya",Refurbished,3-month limited hardware warranty from SES ICT HUB unless stated otherwise.,in_stock
"HP ZBook 15 G7 Workstation Laptop - Intel Core i7, 16GB RAM, 512GB Storage",hp-zbook-15-g7-workstation-laptop-i7-16gb-512gb,Workstation Laptop,HP,64500,72300,Intel Core i7; 16GB RAM; 512GB Storage; 10th Gen; 4GB Graphics,"Refurbished HP ZBook 15 G7 workstation laptop with Intel Core i7, 16GB RAM, 512GB Storage, 10th Gen, and 4GB Graphics. Available from SES ICT HUB in Nairobi, Kenya.","<p>HP ZBook 15 G7 is a refurbished workstation laptop available from SES ICT HUB in Nairobi, Kenya. This unit is listed with Intel Core i7, 16GB RAM, 512GB Storage, and 10th Gen at KES 64,500.</p>
<ul>
<li>Processor: Intel Core i7</li>
<li>Memory: 16GB RAM</li>
<li>Storage: 512GB Storage</li>
<li>Platform note: 10th Gen</li>
<li>Graphics note: 4GB Graphics</li>
</ul>
<h3>Ideal Use</h3>
<p>Ideal for office workloads, coding, advanced spreadsheets, design-related tasks, and other professional workflows that benefit from a mobile workstation layout.</p>
<h3>Condition &amp; Warranty</h3>
<p>Condition: Refurbished. Warranty: 3-month limited hardware warranty from SES ICT HUB unless stated otherwise. Please confirm the exact unit details, included accessories, and cosmetic state before purchase.</p>",HP ZBook 15 G7 16GB 512GB Price in Kenya | SES ICT HUB,"Buy HP ZBook 15 G7 with Intel Core i7, 16GB RAM, 512GB Storage, and 10th Gen at KES 64,500 from SES ICT HUB in Nairobi, Kenya. Refurbished. 3-month limited",HP ZBook 15 G7 price in Kenya,"HP ZBook 15 G7 price in Kenya, HP ZBook 15 G7, HP ZBook 15 G7 Nairobi, HP ZBook 15 G7 16GB 512GB, HP Workstation Laptop Kenya, refurbished HP Workstation Laptop Kenya, HP ZBook 15 G7 Nairobi, Kenya",Refurbished,3-month limited hardware warranty from SES ICT HUB unless stated otherwise.,in_stock
"HP ZBook 14 G7 Workstation Laptop - Intel Core i7, 32GB RAM, 512GB Storage",hp-zbook-14-g7-workstation-laptop-i7-32gb-512gb,Workstation Laptop,HP,65500,73400,Intel Core i7; 32GB RAM; 512GB Storage; 10th Gen; 4GB Graphics; Touch,"Refurbished HP ZBook 14 G7 workstation laptop with Intel Core i7, 32GB RAM, 512GB Storage, 10th Gen, 4GB Graphics, and Touch. Available from SES ICT HUB in Nairobi, Kenya.","<p>HP ZBook 14 G7 is a refurbished workstation laptop available from SES ICT HUB in Nairobi, Kenya. This unit is listed with Intel Core i7, 32GB RAM, 512GB Storage, and 10th Gen at KES 65,500.</p>
<ul>
<li>Processor: Intel Core i7</li>
<li>Memory: 32GB RAM</li>
<li>Storage: 512GB Storage</li>
<li>Platform note: 10th Gen</li>
<li>Graphics note: 4GB Graphics</li>
<li>Input note: Touch</li>
</ul>
<h3>Ideal Use</h3>
<p>Ideal for office workloads, coding, advanced spreadsheets, design-related tasks, and other professional workflows that benefit from a mobile workstation layout.</p>
<h3>Condition &amp; Warranty</h3>
<p>Condition: Refurbished. Warranty: 3-month limited hardware warranty from SES ICT HUB unless stated otherwise. Please confirm the exact unit details, included accessories, and cosmetic state before purchase.</p>",HP ZBook 14 G7 32GB 512GB Price in Kenya | SES ICT HUB,"Buy HP ZBook 14 G7 with Intel Core i7, 32GB RAM, 512GB Storage, and 10th Gen at KES 65,500 from SES ICT HUB in Nairobi, Kenya. Refurbished. 3-month limited",HP ZBook 14 G7 price in Kenya,"HP ZBook 14 G7 price in Kenya, HP ZBook 14 G7, HP ZBook 14 G7 Nairobi, HP ZBook 14 G7 32GB 512GB, HP Workstation Laptop Kenya, refurbished HP Workstation Laptop Kenya, HP ZBook 14 G7 Nairobi, Kenya",Refurbished,3-month limited hardware warranty from SES ICT HUB unless stated otherwise.,in_stock
"HP ZBook 14 G7 Workstation Laptop - Intel Core i7, 32GB RAM, 512GB Storage",hp-zbook-14-g7-workstation-laptop-i7-32gb-512gb-2,Workstation Laptop,HP,63500,71200,Intel Core i7; 32GB RAM; 512GB Storage; 10th Gen; 4GB Graphics; Non-Touch,"Refurbished HP ZBook 14 G7 workstation laptop with Intel Core i7, 32GB RAM, 512GB Storage, 10th Gen, 4GB Graphics, and Non-Touch. Available from SES ICT HUB in Nairobi, Kenya.","<p>HP ZBook 14 G7 is a refurbished workstation laptop available from SES ICT HUB in Nairobi, Kenya. This unit is listed with Intel Core i7, 32GB RAM, 512GB Storage, and 10th Gen at KES 63,500.</p>
<ul>
<li>Processor: Intel Core i7</li>
<li>Memory: 32GB RAM</li>
<li>Storage: 512GB Storage</li>
<li>Platform note: 10th Gen</li>
<li>Graphics note: 4GB Graphics</li>
<li>Input note: Non-Touch</li>
</ul>
<h3>Ideal Use</h3>
<p>Ideal for office workloads, coding, advanced spreadsheets, design-related tasks, and other professional workflows that benefit from a mobile workstation layout.</p>
<h3>Condition &amp; Warranty</h3>
<p>Condition: Refurbished. Warranty: 3-month limited hardware warranty from SES ICT HUB unless stated otherwise. Please confirm the exact unit details, included accessories, and cosmetic state before purchase.</p>",HP ZBook 14 G7 32GB 512GB Price in Kenya | SES ICT HUB,"Buy HP ZBook 14 G7 with Intel Core i7, 32GB RAM, 512GB Storage, and 10th Gen at KES 63,500 from SES ICT HUB in Nairobi, Kenya. Refurbished. 3-month limited",HP ZBook 14 G7 price in Kenya,"HP ZBook 14 G7 price in Kenya, HP ZBook 14 G7, HP ZBook 14 G7 Nairobi, HP ZBook 14 G7 32GB 512GB, HP Workstation Laptop Kenya, refurbished HP Workstation Laptop Kenya, HP ZBook 14 G7 Nairobi, Kenya",Refurbished,3-month limited hardware warranty from SES ICT HUB unless stated otherwise.,in_stock
"HP ZBook 14 G7 Workstation Laptop - Intel Core i5, 16GB RAM, 512GB Storage",hp-zbook-14-g7-workstation-laptop-i5-16gb-512gb,Workstation Laptop,HP,55500,62200,Intel Core i5; 16GB RAM; 512GB Storage; 10th Gen; 4GB Graphics; Non-Touch,"Refurbished HP ZBook 14 G7 workstation laptop with Intel Core i5, 16GB RAM, 512GB Storage, 10th Gen, 4GB Graphics, and Non-Touch. Available from SES ICT HUB in Nairobi, Kenya.","<p>HP ZBook 14 G7 is a refurbished workstation laptop available from SES ICT HUB in Nairobi, Kenya. This unit is listed with Intel Core i5, 16GB RAM, 512GB Storage, and 10th Gen at KES 55,500.</p>
<ul>
<li>Processor: Intel Core i5</li>
<li>Memory: 16GB RAM</li>
<li>Storage: 512GB Storage</li>
<li>Platform note: 10th Gen</li>
<li>Graphics note: 4GB Graphics</li>
<li>Input note: Non-Touch</li>
</ul>
<h3>Ideal Use</h3>
<p>Ideal for office workloads, coding, advanced spreadsheets, design-related tasks, and other professional workflows that benefit from a mobile workstation layout.</p>
<h3>Condition &amp; Warranty</h3>
<p>Condition: Refurbished. Warranty: 3-month limited hardware warranty from SES ICT HUB unless stated otherwise. Please confirm the exact unit details, included accessories, and cosmetic state before purchase.</p>",HP ZBook 14 G7 16GB 512GB Price in Kenya | SES ICT HUB,"Buy HP ZBook 14 G7 with Intel Core i5, 16GB RAM, 512GB Storage, and 10th Gen at KES 55,500 from SES ICT HUB in Nairobi, Kenya. Refurbished. 3-month limited",HP ZBook 14 G7 price in Kenya,"HP ZBook 14 G7 price in Kenya, HP ZBook 14 G7, HP ZBook 14 G7 Nairobi, HP ZBook 14 G7 16GB 512GB, HP Workstation Laptop Kenya, refurbished HP Workstation Laptop Kenya, HP ZBook 14 G7 Nairobi, Kenya",Refurbished,3-month limited hardware warranty from SES ICT HUB unless stated otherwise.,in_stock
"HP ZBook 14 G6 Workstation Laptop - Intel Core i7, 16GB RAM, 512GB Storage",hp-zbook-14-g6-workstation-laptop-i7-16gb-512gb,Workstation Laptop,HP,47500,53300,Intel Core i7; 16GB RAM; 512GB Storage; 8th Gen; 4GB Graphics; Touch,"Refurbished HP ZBook 14 G6 workstation laptop with Intel Core i7, 16GB RAM, 512GB Storage, 8th Gen, 4GB Graphics, and Touch. Available from SES ICT HUB in Nairobi, Kenya.","<p>HP ZBook 14 G6 is a refurbished workstation laptop available from SES ICT HUB in Nairobi, Kenya. This unit is listed with Intel Core i7, 16GB RAM, 512GB Storage, and 8th Gen at KES 47,500.</p>
<ul>
<li>Processor: Intel Core i7</li>
<li>Memory: 16GB RAM</li>
<li>Storage: 512GB Storage</li>
<li>Platform note: 8th Gen</li>
<li>Graphics note: 4GB Graphics</li>
<li>Input note: Touch</li>
</ul>
<h3>Ideal Use</h3>
<p>Ideal for office workloads, coding, advanced spreadsheets, design-related tasks, and other professional workflows that benefit from a mobile workstation layout.</p>
<h3>Condition &amp; Warranty</h3>
<p>Condition: Refurbished. Warranty: 3-month limited hardware warranty from SES ICT HUB unless stated otherwise. Please confirm the exact unit details, included accessories, and cosmetic state before purchase.</p>",HP ZBook 14 G6 16GB 512GB Price in Kenya | SES ICT HUB,"Buy HP ZBook 14 G6 with Intel Core i7, 16GB RAM, 512GB Storage, and 8th Gen at KES 47,500 from SES ICT HUB in Nairobi, Kenya. Refurbished. 3-month limited",HP ZBook 14 G6 price in Kenya,"HP ZBook 14 G6 price in Kenya, HP ZBook 14 G6, HP ZBook 14 G6 Nairobi, HP ZBook 14 G6 16GB 512GB, HP Workstation Laptop Kenya, refurbished HP Workstation Laptop Kenya, HP ZBook 14 G6 Nairobi, Kenya",Refurbished,3-month limited hardware warranty from SES ICT HUB unless stated otherwise.,in_stock
"HP ZBook 14 G6 Workstation Laptop - Intel Core i7, 16GB RAM, 512GB Storage",hp-zbook-14-g6-workstation-laptop-i7-16gb-512gb-2,Workstation Laptop,HP,45500,51000,Intel Core i7; 16GB RAM; 512GB Storage; 8th Gen; 4GB Graphics; Non-Touch,"Refurbished HP ZBook 14 G6 workstation laptop with Intel Core i7, 16GB RAM, 512GB Storage, 8th Gen, 4GB Graphics, and Non-Touch. Available from SES ICT HUB in Nairobi, Kenya.","<p>HP ZBook 14 G6 is a refurbished workstation laptop available from SES ICT HUB in Nairobi, Kenya. This unit is listed with Intel Core i7, 16GB RAM, 512GB Storage, and 8th Gen at KES 45,500.</p>
<ul>
<li>Processor: Intel Core i7</li>
<li>Memory: 16GB RAM</li>
<li>Storage: 512GB Storage</li>
<li>Platform note: 8th Gen</li>
<li>Graphics note: 4GB Graphics</li>
<li>Input note: Non-Touch</li>
</ul>
<h3>Ideal Use</h3>
<p>Ideal for office workloads, coding, advanced spreadsheets, design-related tasks, and other professional workflows that benefit from a mobile workstation layout.</p>
<h3>Condition &amp; Warranty</h3>
<p>Condition: Refurbished. Warranty: 3-month limited hardware warranty from SES ICT HUB unless stated otherwise. Please confirm the exact unit details, included accessories, and cosmetic state before purchase.</p>",HP ZBook 14 G6 16GB 512GB Price in Kenya | SES ICT HUB,"Buy HP ZBook 14 G6 with Intel Core i7, 16GB RAM, 512GB Storage, and 8th Gen at KES 45,500 from SES ICT HUB in Nairobi, Kenya. Refurbished. 3-month limited",HP ZBook 14 G6 price in Kenya,"HP ZBook 14 G6 price in Kenya, HP ZBook 14 G6, HP ZBook 14 G6 Nairobi, HP ZBook 14 G6 16GB 512GB, HP Workstation Laptop Kenya, refurbished HP Workstation Laptop Kenya, HP ZBook 14 G6 Nairobi, Kenya",Refurbished,3-month limited hardware warranty from SES ICT HUB unless stated otherwise.,in_stock
"Microsoft Surface Laptop - Intel Core i7, 16GB RAM, 512GB Storage",microsoft-surface-laptop-i7-16gb-512gb,Laptop,Microsoft,52000,58300,Intel Core i7; 16GB RAM; 512GB Storage; 8th Gen,"Refurbished Microsoft Surface laptop with Intel Core i7, 16GB RAM, 512GB Storage, and 8th Gen. Available from SES ICT HUB in Nairobi, Kenya.","<p>Microsoft Surface is a refurbished laptop available from SES ICT HUB in Nairobi, Kenya. This unit is listed with Intel Core i7, 16GB RAM, 512GB Storage, and 8th Gen at KES 52,000.</p>
<ul>
<li>Processor: Intel Core i7</li>
<li>Memory: 16GB RAM</li>
<li>Storage: 512GB Storage</li>
<li>Platform note: 8th Gen</li>
</ul>
<h3>Ideal Use</h3>
<p>Ideal for business use, multitasking, research, remote work, coding, and daily productivity tasks.</p>
<h3>Condition &amp; Warranty</h3>
<p>Condition: Refurbished. Warranty: 3-month limited hardware warranty from SES ICT HUB unless stated otherwise. Please confirm the exact unit details, included accessories, and cosmetic state before purchase.</p>",Microsoft Surface 16GB 512GB Price in Kenya | SES ICT HUB,"Buy Microsoft Surface with Intel Core i7, 16GB RAM, 512GB Storage, and 8th Gen at KES 52,000 from SES ICT HUB in Nairobi, Kenya. Refurbished. 3-month limited",Microsoft Surface price in Kenya,"Microsoft Surface price in Kenya, Microsoft Surface, Microsoft Surface Nairobi, Microsoft Surface 16GB 512GB, Microsoft Laptop Kenya, refurbished Microsoft Laptop Kenya, Microsoft Surface Nairobi, Kenya",Refurbished,3-month limited hardware warranty from SES ICT HUB unless stated otherwise.,in_stock
"HP 850 G7 Laptop - Intel Core i7, 16GB RAM, 512GB Storage",hp-850-g7-laptop-i7-16gb-512gb,Laptop,HP,51500,57700,Intel Core i7; 16GB RAM; 512GB Storage; 10th Gen; Touch,"Refurbished HP 850 G7 laptop with Intel Core i7, 16GB RAM, 512GB Storage, 10th Gen, and Touch. Available from SES ICT HUB in Nairobi, Kenya.","<p>HP 850 G7 is a refurbished laptop available from SES ICT HUB in Nairobi, Kenya. This unit is listed with Intel Core i7, 16GB RAM, 512GB Storage, and 10th Gen at KES 51,500.</p>
<ul>
<li>Processor: Intel Core i7</li>
<li>Memory: 16GB RAM</li>
<li>Storage: 512GB Storage</li>
<li>Platform note: 10th Gen</li>
<li>Input note: Touch</li>
</ul>
<h3>Ideal Use</h3>
<p>Ideal for business use, multitasking, research, remote work, coding, and daily productivity tasks.</p>
<h3>Condition &amp; Warranty</h3>
<p>Condition: Refurbished. Warranty: 3-month limited hardware warranty from SES ICT HUB unless stated otherwise. Please confirm the exact unit details, included accessories, and cosmetic state before purchase.</p>",HP 850 G7 16GB 512GB Price in Kenya | SES ICT HUB,"Buy HP 850 G7 with Intel Core i7, 16GB RAM, 512GB Storage, and 10th Gen at KES 51,500 from SES ICT HUB in Nairobi, Kenya. Refurbished. 3-month limited hardware",HP 850 G7 price in Kenya,"HP 850 G7 price in Kenya, HP 850 G7, HP 850 G7 Nairobi, HP 850 G7 16GB 512GB, HP Laptop Kenya, refurbished HP Laptop Kenya, HP 850 G7 Nairobi, Kenya",Refurbished,3-month limited hardware warranty from SES ICT HUB unless stated otherwise.,in_stock
"HP 850 G6 Laptop - Intel Core i7, 16GB RAM, 512GB Storage",hp-850-g6-laptop-i7-16gb-512gb,Laptop,HP,44500,49900,Intel Core i7; 16GB RAM; 512GB Storage; 8th Gen; 2GB Graphics; Touch,"Refurbished HP 850 G6 laptop with Intel Core i7, 16GB RAM, 512GB Storage, 8th Gen, 2GB Graphics, and Touch. Available from SES ICT HUB in Nairobi, Kenya.","<p>HP 850 G6 is a refurbished laptop available from SES ICT HUB in Nairobi, Kenya. This unit is listed with Intel Core i7, 16GB RAM, 512GB Storage, and 8th Gen at KES 44,500.</p>
<ul>
<li>Processor: Intel Core i7</li>
<li>Memory: 16GB RAM</li>
<li>Storage: 512GB Storage</li>
<li>Platform note: 8th Gen</li>
<li>Graphics note: 2GB Graphics</li>
<li>Input note: Touch</li>
</ul>
<h3>Ideal Use</h3>
<p>Ideal for business use, multitasking, research, remote work, coding, and daily productivity tasks.</p>
<h3>Condition &amp; Warranty</h3>
<p>Condition: Refurbished. Warranty: 3-month limited hardware warranty from SES ICT HUB unless stated otherwise. Please confirm the exact unit details, included accessories, and cosmetic state before purchase.</p>",HP 850 G6 16GB 512GB Price in Kenya | SES ICT HUB,"Buy HP 850 G6 with Intel Core i7, 16GB RAM, 512GB Storage, and 8th Gen at KES 44,500 from SES ICT HUB in Nairobi, Kenya. Refurbished. 3-month limited hardware",HP 850 G6 price in Kenya,"HP 850 G6 price in Kenya, HP 850 G6, HP 850 G6 Nairobi, HP 850 G6 16GB 512GB, HP Laptop Kenya, refurbished HP Laptop Kenya, HP 850 G6 Nairobi, Kenya",Refurbished,3-month limited hardware warranty from SES ICT HUB unless stated otherwise.,in_stock
"HP 850 G6 Laptop - Intel Core i7, 8GB RAM, 512GB Storage",hp-850-g6-laptop-i7-8gb-512gb,Laptop,HP,42500,47700,Intel Core i7; 8GB RAM; 512GB Storage; 8th Gen; 2GB Graphics; Touch,"Refurbished HP 850 G6 laptop with Intel Core i7, 8GB RAM, 512GB Storage, 8th Gen, 2GB Graphics, and Touch. Available from SES ICT HUB in Nairobi, Kenya.","<p>HP 850 G6 is a refurbished laptop available from SES ICT HUB in Nairobi, Kenya. This unit is listed with Intel Core i7, 8GB RAM, 512GB Storage, and 8th Gen at KES 42,500.</p>
<ul>
<li>Processor: Intel Core i7</li>
<li>Memory: 8GB RAM</li>
<li>Storage: 512GB Storage</li>
<li>Platform note: 8th Gen</li>
<li>Graphics note: 2GB Graphics</li>
<li>Input note: Touch</li>
</ul>
<h3>Ideal Use</h3>
<p>Ideal for everyday office work, browsing, email, online classes, and general productivity.</p>
<h3>Condition &amp; Warranty</h3>
<p>Condition: Refurbished. Warranty: 3-month limited hardware warranty from SES ICT HUB unless stated otherwise. Please confirm the exact unit details, included accessories, and cosmetic state before purchase.</p>",HP 850 G6 8GB 512GB Price in Kenya | SES ICT HUB,"Buy HP 850 G6 with Intel Core i7, 8GB RAM, 512GB Storage, and 8th Gen at KES 42,500 from SES ICT HUB in Nairobi, Kenya. Refurbished. 3-month limited hardware",HP 850 G6 price in Kenya,"HP 850 G6 price in Kenya, HP 850 G6, HP 850 G6 Nairobi, HP 850 G6 8GB 512GB, HP Laptop Kenya, refurbished HP Laptop Kenya, HP 850 G6 Nairobi, Kenya",Refurbished,3-month limited hardware warranty from SES ICT HUB unless stated otherwise.,in_stock
"HP 850 G6 Laptop - Intel Core i7, 8GB RAM, 256GB Storage",hp-850-g6-laptop-i7-8gb-256gb,Laptop,HP,39500,44300,Intel Core i7; 8GB RAM; 256GB Storage; 8th Gen; 2GB Graphics; Touch,"Refurbished HP 850 G6 laptop with Intel Core i7, 8GB RAM, 256GB Storage, 8th Gen, 2GB Graphics, and Touch. Available from SES ICT HUB in Nairobi, Kenya.","<p>HP 850 G6 is a refurbished laptop available from SES ICT HUB in Nairobi, Kenya. This unit is listed with Intel Core i7, 8GB RAM, 256GB Storage, and 8th Gen at KES 39,500.</p>
<ul>
<li>Processor: Intel Core i7</li>
<li>Memory: 8GB RAM</li>
<li>Storage: 256GB Storage</li>
<li>Platform note: 8th Gen</li>
<li>Graphics note: 2GB Graphics</li>
<li>Input note: Touch</li>
</ul>
<h3>Ideal Use</h3>
<p>Ideal for everyday office work, browsing, email, online classes, and general productivity.</p>
<h3>Condition &amp; Warranty</h3>
<p>Condition: Refurbished. Warranty: 3-month limited hardware warranty from SES ICT HUB unless stated otherwise. Please confirm the exact unit details, included accessories, and cosmetic state before purchase.</p>",HP 850 G6 8GB 256GB Price in Kenya | SES ICT HUB,"Buy HP 850 G6 with Intel Core i7, 8GB RAM, 256GB Storage, and 8th Gen at KES 39,500 from SES ICT HUB in Nairobi, Kenya. Refurbished. 3-month limited hardware",HP 850 G6 price in Kenya,"HP 850 G6 price in Kenya, HP 850 G6, HP 850 G6 Nairobi, HP 850 G6 8GB 256GB, HP Laptop Kenya, refurbished HP Laptop Kenya, HP 850 G6 Nairobi, Kenya",Refurbished,3-month limited hardware warranty from SES ICT HUB unless stated otherwise.,in_stock
"HP 850 G3 Laptop - Intel Core i5, 8GB RAM, 256GB Storage",hp-850-g3-laptop-i5-8gb-256gb,Laptop,HP,24500,27500,Intel Core i5; 8GB RAM; 256GB Storage; 6th Gen; Non-Touch,"Refurbished HP 850 G3 laptop with Intel Core i5, 8GB RAM, 256GB Storage, 6th Gen, and Non-Touch. Available from SES ICT HUB in Nairobi, Kenya.","<p>HP 850 G3 is a refurbished laptop available from SES ICT HUB in Nairobi, Kenya. This unit is listed with Intel Core i5, 8GB RAM, 256GB Storage, and 6th Gen at KES 24,500.</p>
<ul>
<li>Processor: Intel Core i5</li>
<li>Memory: 8GB RAM</li>
<li>Storage: 256GB Storage</li>
<li>Platform note: 6th Gen</li>
<li>Input note: Non-Touch</li>
</ul>
<h3>Ideal Use</h3>
<p>Ideal for everyday office work, browsing, email, online classes, and general productivity.</p>
<h3>Condition &amp; Warranty</h3>
<p>Condition: Refurbished. Warranty: 3-month limited hardware warranty from SES ICT HUB unless stated otherwise. Please confirm the exact unit details, included accessories, and cosmetic state before purchase.</p>",HP 850 G3 8GB 256GB Price in Kenya | SES ICT HUB,"Buy HP 850 G3 with Intel Core i5, 8GB RAM, 256GB Storage, and 6th Gen at KES 24,500 from SES ICT HUB in Nairobi, Kenya. Refurbished. 3-month limited hardware",HP 850 G3 price in Kenya,"HP 850 G3 price in Kenya, HP 850 G3, HP 850 G3 Nairobi, HP 850 G3 8GB 256GB, HP Laptop Kenya, refurbished HP Laptop Kenya, HP 850 G3 Nairobi, Kenya",Refurbished,3-month limited hardware warranty from SES ICT HUB unless stated otherwise.,in_stock
"HP 845 G7 Laptop - Ryzen 3, 8GB RAM, 256GB Storage",hp-845-g7-laptop-ryzen-3-8gb-256gb,Laptop,HP,29500,33100,Ryzen 3; 8GB RAM; 256GB Storage,"Refurbished HP 845 G7 laptop with Ryzen 3, 8GB RAM, and 256GB Storage. Available from SES ICT HUB in Nairobi, Kenya.","<p>HP 845 G7 is a refurbished laptop available from SES ICT HUB in Nairobi, Kenya. This unit is listed with Ryzen 3, 8GB RAM, and 256GB Storage at KES 29,500.</p>
<ul>
<li>Processor: Ryzen 3</li>
<li>Memory: 8GB RAM</li>
<li>Storage: 256GB Storage</li>
</ul>
<h3>Ideal Use</h3>
<p>Ideal for everyday office work, browsing, email, online classes, and general productivity.</p>
<h3>Condition &amp; Warranty</h3>
<p>Condition: Refurbished. Warranty: 3-month limited hardware warranty from SES ICT HUB unless stated otherwise. Please confirm the exact unit details, included accessories, and cosmetic state before purchase.</p>",HP 845 G7 8GB 256GB Price in Kenya | SES ICT HUB,"Buy HP 845 G7 with Ryzen 3, 8GB RAM, and 256GB Storage at KES 29,500 from SES ICT HUB in Nairobi, Kenya. Refurbished. 3-month limited hardware warranty from SES",HP 845 G7 price in Kenya,"HP 845 G7 price in Kenya, HP 845 G7, HP 845 G7 Nairobi, HP 845 G7 8GB 256GB, HP Laptop Kenya, refurbished HP Laptop Kenya, HP 845 G7 Nairobi, Kenya",Refurbished,3-month limited hardware warranty from SES ICT HUB unless stated otherwise.,in_stock
"HP 745 G6 Laptop - Ryzen 7, 16GB RAM, 256GB Storage",hp-745-g6-laptop-ryzen-7-16gb-256gb,Laptop,HP,35500,39800,Ryzen 7; 16GB RAM; 256GB Storage,"Refurbished HP 745 G6 laptop with Ryzen 7, 16GB RAM, and 256GB Storage. Available from SES ICT HUB in Nairobi, Kenya.","<p>HP 745 G6 is a refurbished laptop available from SES ICT HUB in Nairobi, Kenya. This unit is listed with Ryzen 7, 16GB RAM, and 256GB Storage at KES 35,500.</p>
<ul>
<li>Processor: Ryzen 7</li>
<li>Memory: 16GB RAM</li>
<li>Storage: 256GB Storage</li>
</ul>
<h3>Ideal Use</h3>
<p>Ideal for business use, multitasking, research, remote work, coding, and daily productivity tasks.</p>
<h3>Condition &amp; Warranty</h3>
<p>Condition: Refurbished. Warranty: 3-month limited hardware warranty from SES ICT HUB unless stated otherwise. Please confirm the exact unit details, included accessories, and cosmetic state before purchase.</p>",HP 745 G6 16GB 256GB Price in Kenya | SES ICT HUB,"Buy HP 745 G6 with Ryzen 7, 16GB RAM, and 256GB Storage at KES 35,500 from SES ICT HUB in Nairobi, Kenya. Refurbished. 3-month limited hardware warranty from",HP 745 G6 price in Kenya,"HP 745 G6 price in Kenya, HP 745 G6, HP 745 G6 Nairobi, HP 745 G6 16GB 256GB, HP Laptop Kenya, refurbished HP Laptop Kenya, HP 745 G6 Nairobi, Kenya",Refurbished,3-month limited hardware warranty from SES ICT HUB unless stated otherwise.,in_stock
"HP 745 G6 Laptop - Ryzen 7, 8GB RAM, 256GB Storage",hp-745-g6-laptop-ryzen-7-8gb-256gb,Laptop,HP,32500,36400,Ryzen 7; 8GB RAM; 256GB Storage,"Refurbished HP 745 G6 laptop with Ryzen 7, 8GB RAM, and 256GB Storage. Available from SES ICT HUB in Nairobi, Kenya.","<p>HP 745 G6 is a refurbished laptop available from SES ICT HUB in Nairobi, Kenya. This unit is listed with Ryzen 7, 8GB RAM, and 256GB Storage at KES 32,500.</p>
<ul>
<li>Processor: Ryzen 7</li>
<li>Memory: 8GB RAM</li>
<li>Storage: 256GB Storage</li>
</ul>
<h3>Ideal Use</h3>
<p>Ideal for everyday office work, browsing, email, online classes, and general productivity.</p>
<h3>Condition &amp; Warranty</h3>
<p>Condition: Refurbished. Warranty: 3-month limited hardware warranty from SES ICT HUB unless stated otherwise. Please confirm the exact unit details, included accessories, and cosmetic state before purchase.</p>",HP 745 G6 8GB 256GB Price in Kenya | SES ICT HUB,"Buy HP 745 G6 with Ryzen 7, 8GB RAM, and 256GB Storage at KES 32,500 from SES ICT HUB in Nairobi, Kenya. Refurbished. 3-month limited hardware warranty from SES",HP 745 G6 price in Kenya,"HP 745 G6 price in Kenya, HP 745 G6, HP 745 G6 Nairobi, HP 745 G6 8GB 256GB, HP Laptop Kenya, refurbished HP Laptop Kenya, HP 745 G6 Nairobi, Kenya",Refurbished,3-month limited hardware warranty from SES ICT HUB unless stated otherwise.,in_stock
"HP 745 G6 Laptop - Ryzen 5, 8GB RAM, 256GB Storage",hp-745-g6-laptop-ryzen-5-8gb-256gb,Laptop,HP,30000,33600,Ryzen 5; 8GB RAM; 256GB Storage; Touch,"Refurbished HP 745 G6 laptop with Ryzen 5, 8GB RAM, 256GB Storage, and Touch. Available from SES ICT HUB in Nairobi, Kenya.","<p>HP 745 G6 is a refurbished laptop available from SES ICT HUB in Nairobi, Kenya. This unit is listed with Ryzen 5, 8GB RAM, and 256GB Storage at KES 30,000.</p>
<ul>
<li>Processor: Ryzen 5</li>
<li>Memory: 8GB RAM</li>
<li>Storage: 256GB Storage</li>
<li>Input note: Touch</li>
</ul>
<h3>Ideal Use</h3>
<p>Ideal for everyday office work, browsing, email, online classes, and general productivity.</p>
<h3>Condition &amp; Warranty</h3>
<p>Condition: Refurbished. Warranty: 3-month limited hardware warranty from SES ICT HUB unless stated otherwise. Please confirm the exact unit details, included accessories, and cosmetic state before purchase.</p>",HP 745 G6 8GB 256GB Price in Kenya | SES ICT HUB,"Buy HP 745 G6 with Ryzen 5, 8GB RAM, and 256GB Storage at KES 30,000 from SES ICT HUB in Nairobi, Kenya. Refurbished. 3-month limited hardware warranty from SES",HP 745 G6 price in Kenya,"HP 745 G6 price in Kenya, HP 745 G6, HP 745 G6 Nairobi, HP 745 G6 8GB 256GB, HP Laptop Kenya, refurbished HP Laptop Kenya, HP 745 G6 Nairobi, Kenya",Refurbished,3-month limited hardware warranty from SES ICT HUB unless stated otherwise.,in_stock
"MacBook Pro 2019 Laptop - Intel Core i7, 32GB RAM, 1TB Storage",macbook-pro-2019-laptop-i7-32gb-1tb,Laptop,Apple,68500,76800,Intel Core i7; 32GB RAM; 1TB Storage; 4GB Graphics,"Refurbished MacBook Pro 2019 laptop with Intel Core i7, 32GB RAM, 1TB Storage, and 4GB Graphics. Available from SES ICT HUB in Nairobi, Kenya.","<p>MacBook Pro 2019 is a refurbished laptop available from SES ICT HUB in Nairobi, Kenya. This unit is listed with Intel Core i7, 32GB RAM, and 1TB Storage at KES 68,500.</p>
<ul>
<li>Processor: Intel Core i7</li>
<li>Memory: 32GB RAM</li>
<li>Storage: 1TB Storage</li>
<li>Graphics note: 4GB Graphics</li>
</ul>
<h3>Ideal Use</h3>
<p>Ideal for business use, multitasking, research, remote work, coding, and daily productivity tasks.</p>
<h3>Condition &amp; Warranty</h3>
<p>Condition: Refurbished. Warranty: 3-month limited hardware warranty from SES ICT HUB unless stated otherwise. Please confirm the exact unit details, included accessories, and cosmetic state before purchase.</p>",MacBook Pro 2019 32GB 1TB Price in Kenya | SES ICT HUB,"Buy MacBook Pro 2019 with Intel Core i7, 32GB RAM, and 1TB Storage at KES 68,500 from SES ICT HUB in Nairobi, Kenya. Refurbished. 3-month limited hardware",MacBook Pro 2019 price in Kenya,"MacBook Pro 2019 price in Kenya, MacBook Pro 2019, MacBook Pro 2019 Nairobi, MacBook Pro 2019 32GB 1TB, Apple Laptop Kenya, refurbished Apple Laptop Kenya, MacBook Pro 2019 Nairobi, Kenya",Refurbished,3-month limited hardware warranty from SES ICT HUB unless stated otherwise.,in_stock
"MacBook Pro 2019 Laptop - Intel Core i7, 32GB RAM, 512GB Storage",macbook-pro-2019-laptop-i7-32gb-512gb,Laptop,Apple,63500,71200,Intel Core i7; 32GB RAM; 512GB Storage; 4GB Graphics,"Refurbished MacBook Pro 2019 laptop with Intel Core i7, 32GB RAM, 512GB Storage, and 4GB Graphics. Available from SES ICT HUB in Nairobi, Kenya.","<p>MacBook Pro 2019 is a refurbished laptop available from SES ICT HUB in Nairobi, Kenya. This unit is listed with Intel Core i7, 32GB RAM, and 512GB Storage at KES 63,500.</p>
<ul>
<li>Processor: Intel Core i7</li>
<li>Memory: 32GB RAM</li>
<li>Storage: 512GB Storage</li>
<li>Graphics note: 4GB Graphics</li>
</ul>
<h3>Ideal Use</h3>
<p>Ideal for business use, multitasking, research, remote work, coding, and daily productivity tasks.</p>
<h3>Condition &amp; Warranty</h3>
<p>Condition: Refurbished. Warranty: 3-month limited hardware warranty from SES ICT HUB unless stated otherwise. Please confirm the exact unit details, included accessories, and cosmetic state before purchase.</p>",MacBook Pro 2019 32GB 512GB Price in Kenya | SES ICT HUB,"Buy MacBook Pro 2019 with Intel Core i7, 32GB RAM, and 512GB Storage at KES 63,500 from SES ICT HUB in Nairobi, Kenya. Refurbished. 3-month limited hardware",MacBook Pro 2019 price in Kenya,"MacBook Pro 2019 price in Kenya, MacBook Pro 2019, MacBook Pro 2019 Nairobi, MacBook Pro 2019 32GB 512GB, Apple Laptop Kenya, refurbished Apple Laptop Kenya, MacBook Pro 2019 Nairobi, Kenya",Refurbished,3-month limited hardware warranty from SES ICT HUB unless stated otherwise.,in_stock
"MacBook Pro 2018 Laptop - Intel Core i7, 16GB RAM, 512GB Storage",macbook-pro-2018-laptop-i7-16gb-512gb,Laptop,Apple,60500,67800,Intel Core i7; 16GB RAM; 512GB Storage; 4GB Graphics,"Refurbished MacBook Pro 2018 laptop with Intel Core i7, 16GB RAM, 512GB Storage, and 4GB Graphics. Available from SES ICT HUB in Nairobi, Kenya.","<p>MacBook Pro 2018 is a refurbished laptop available from SES ICT HUB in Nairobi, Kenya. This unit is listed with Intel Core i7, 16GB RAM, and 512GB Storage at KES 60,500.</p>
<ul>
<li>Processor: Intel Core i7</li>
<li>Memory: 16GB RAM</li>
<li>Storage: 512GB Storage</li>
<li>Graphics note: 4GB Graphics</li>
</ul>
<h3>Ideal Use</h3>
<p>Ideal for business use, multitasking, research, remote work, coding, and daily productivity tasks.</p>
<h3>Condition &amp; Warranty</h3>
<p>Condition: Refurbished. Warranty: 3-month limited hardware warranty from SES ICT HUB unless stated otherwise. Please confirm the exact unit details, included accessories, and cosmetic state before purchase.</p>",MacBook Pro 2018 16GB 512GB Price in Kenya | SES ICT HUB,"Buy MacBook Pro 2018 with Intel Core i7, 16GB RAM, and 512GB Storage at KES 60,500 from SES ICT HUB in Nairobi, Kenya. Refurbished. 3-month limited hardware",MacBook Pro 2018 price in Kenya,"MacBook Pro 2018 price in Kenya, MacBook Pro 2018, MacBook Pro 2018 Nairobi, MacBook Pro 2018 16GB 512GB, Apple Laptop Kenya, refurbished Apple Laptop Kenya, MacBook Pro 2018 Nairobi, Kenya",Refurbished,3-month limited hardware warranty from SES ICT HUB unless stated otherwise.,in_stock
"MacBook Pro 2012 Laptop - Intel Core i5, 8GB RAM, 256GB Storage",macbook-pro-2012-laptop-i5-8gb-256gb,Laptop,Apple,19500,21900,Intel Core i5; 8GB RAM; 256GB Storage,"Refurbished MacBook Pro 2012 laptop with Intel Core i5, 8GB RAM, and 256GB Storage. Available from SES ICT HUB in Nairobi, Kenya.","<p>MacBook Pro 2012 is a refurbished laptop available from SES ICT HUB in Nairobi, Kenya. This unit is listed with Intel Core i5, 8GB RAM, and 256GB Storage at KES 19,500.</p>
<ul>
<li>Processor: Intel Core i5</li>
<li>Memory: 8GB RAM</li>
<li>Storage: 256GB Storage</li>
</ul>
<h3>Ideal Use</h3>
<p>Ideal for everyday office work, browsing, email, online classes, and general productivity.</p>
<h3>Condition &amp; Warranty</h3>
<p>Condition: Refurbished. Warranty: 3-month limited hardware warranty from SES ICT HUB unless stated otherwise. Please confirm the exact unit details, included accessories, and cosmetic state before purchase.</p>",MacBook Pro 2012 8GB 256GB Price in Kenya | SES ICT HUB,"Buy MacBook Pro 2012 with Intel Core i5, 8GB RAM, and 256GB Storage at KES 19,500 from SES ICT HUB in Nairobi, Kenya. Refurbished. 3-month limited hardware",MacBook Pro 2012 price in Kenya,"MacBook Pro 2012 price in Kenya, MacBook Pro 2012, MacBook Pro 2012 Nairobi, MacBook Pro 2012 8GB 256GB, Apple Laptop Kenya, refurbished Apple Laptop Kenya, MacBook Pro 2012 Nairobi, Kenya",Refurbished,3-month limited hardware warranty from SES ICT HUB unless stated otherwise.,in_stock
"HP 1040 G8 2-in-1 Laptop - Intel Core i7, 16GB RAM, 512GB Storage",hp-1040-g8-2-in-1-laptop-i7-16gb-512gb,2-in-1 Laptop,HP,61500,68900,Intel Core i7; 16GB RAM; 512GB Storage; 11th Gen; X360 Touch,"Refurbished HP 1040 G8 2-in-1 laptop with Intel Core i7, 16GB RAM, 512GB Storage, 11th Gen, and X360 Touch. Available from SES ICT HUB in Nairobi, Kenya.","<p>HP 1040 G8 is a refurbished 2-in-1 laptop available from SES ICT HUB in Nairobi, Kenya. This unit is listed with Intel Core i7, 16GB RAM, 512GB Storage, and 11th Gen at KES 61,500.</p>
<ul>
<li>Processor: Intel Core i7</li>
<li>Memory: 16GB RAM</li>
<li>Storage: 512GB Storage</li>
<li>Platform note: 11th Gen</li>
<li>Input note: X360 Touch</li>
</ul>
<h3>Ideal Use</h3>
<p>Ideal for presentations, note-taking, office work, online meetings, and day-to-day productivity where touch input is useful.</p>
<h3>Condition &amp; Warranty</h3>
<p>Condition: Refurbished. Warranty: 3-month limited hardware warranty from SES ICT HUB unless stated otherwise. Please confirm the exact unit details, included accessories, and cosmetic state before purchase.</p>",HP 1040 G8 16GB 512GB Price in Kenya | SES ICT HUB,"Buy HP 1040 G8 with Intel Core i7, 16GB RAM, 512GB Storage, and 11th Gen at KES 61,500 from SES ICT HUB in Nairobi, Kenya. Refurbished. 3-month limited hardware",HP 1040 G8 price in Kenya,"HP 1040 G8 price in Kenya, HP 1040 G8, HP 1040 G8 Nairobi, HP 1040 G8 16GB 512GB, HP 2-in-1 Laptop Kenya, refurbished HP 2-in-1 Laptop Kenya, HP 1040 G8 Nairobi, Kenya",Refurbished,3-month limited hardware warranty from SES ICT HUB unless stated otherwise.,in_stock
"HP 1040 G8 2-in-1 Laptop - Intel Core i5, 16GB RAM, 512GB Storage",hp-1040-g8-2-in-1-laptop-i5-16gb-512gb,2-in-1 Laptop,HP,48500,54400,Intel Core i5; 16GB RAM; 512GB Storage; X360 Touch,"Refurbished HP 1040 G8 2-in-1 laptop with Intel Core i5, 16GB RAM, 512GB Storage, and X360 Touch. Available from SES ICT HUB in Nairobi, Kenya.","<p>HP 1040 G8 is a refurbished 2-in-1 laptop available from SES ICT HUB in Nairobi, Kenya. This unit is listed with Intel Core i5, 16GB RAM, and 512GB Storage at KES 48,500.</p>
<ul>
<li>Processor: Intel Core i5</li>
<li>Memory: 16GB RAM</li>
<li>Storage: 512GB Storage</li>
<li>Input note: X360 Touch</li>
</ul>
<h3>Ideal Use</h3>
<p>Ideal for presentations, note-taking, office work, online meetings, and day-to-day productivity where touch input is useful.</p>
<h3>Condition &amp; Warranty</h3>
<p>Condition: Refurbished. Warranty: 3-month limited hardware warranty from SES ICT HUB unless stated otherwise. Please confirm the exact unit details, included accessories, and cosmetic state before purchase.</p>",HP 1040 G8 16GB 512GB Price in Kenya | SES ICT HUB,"Buy HP 1040 G8 with Intel Core i5, 16GB RAM, and 512GB Storage at KES 48,500 from SES ICT HUB in Nairobi, Kenya. Refurbished. 3-month limited hardware warranty",HP 1040 G8 price in Kenya,"HP 1040 G8 price in Kenya, HP 1040 G8, HP 1040 G8 Nairobi, HP 1040 G8 16GB 512GB, HP 2-in-1 Laptop Kenya, refurbished HP 2-in-1 Laptop Kenya, HP 1040 G8 Nairobi, Kenya",Refurbished,3-month limited hardware warranty from SES ICT HUB unless stated otherwise.,in_stock
"HP 1040 G8 2-in-1 Laptop - Intel Core i5, 16GB RAM, 256GB Storage",hp-1040-g8-2-in-1-laptop-i5-16gb-256gb,2-in-1 Laptop,HP,45500,51000,Intel Core i5; 16GB RAM; 256GB Storage; X360 Touch,"Refurbished HP 1040 G8 2-in-1 laptop with Intel Core i5, 16GB RAM, 256GB Storage, and X360 Touch. Available from SES ICT HUB in Nairobi, Kenya.","<p>HP 1040 G8 is a refurbished 2-in-1 laptop available from SES ICT HUB in Nairobi, Kenya. This unit is listed with Intel Core i5, 16GB RAM, and 256GB Storage at KES 45,500.</p>
<ul>
<li>Processor: Intel Core i5</li>
<li>Memory: 16GB RAM</li>
<li>Storage: 256GB Storage</li>
<li>Input note: X360 Touch</li>
</ul>
<h3>Ideal Use</h3>
<p>Ideal for presentations, note-taking, office work, online meetings, and day-to-day productivity where touch input is useful.</p>
<h3>Condition &amp; Warranty</h3>
<p>Condition: Refurbished. Warranty: 3-month limited hardware warranty from SES ICT HUB unless stated otherwise. Please confirm the exact unit details, included accessories, and cosmetic state before purchase.</p>",HP 1040 G8 16GB 256GB Price in Kenya | SES ICT HUB,"Buy HP 1040 G8 with Intel Core i5, 16GB RAM, and 256GB Storage at KES 45,500 from SES ICT HUB in Nairobi, Kenya. Refurbished. 3-month limited hardware warranty",HP 1040 G8 price in Kenya,"HP 1040 G8 price in Kenya, HP 1040 G8, HP 1040 G8 Nairobi, HP 1040 G8 16GB 256GB, HP 2-in-1 Laptop Kenya, refurbished HP 2-in-1 Laptop Kenya, HP 1040 G8 Nairobi, Kenya",Refurbished,3-month limited hardware warranty from SES ICT HUB unless stated otherwise.,in_stock
"HP 1040 G7 2-in-1 Laptop - Intel Core i5, 16GB RAM, 512GB Storage",hp-1040-g7-2-in-1-laptop-i5-16gb-512gb,2-in-1 Laptop,HP,43500,48800,Intel Core i5; 16GB RAM; 512GB Storage; X360 Touch,"Refurbished HP 1040 G7 2-in-1 laptop with Intel Core i5, 16GB RAM, 512GB Storage, and X360 Touch. Available from SES ICT HUB in Nairobi, Kenya.","<p>HP 1040 G7 is a refurbished 2-in-1 laptop available from SES ICT HUB in Nairobi, Kenya. This unit is listed with Intel Core i5, 16GB RAM, and 512GB Storage at KES 43,500.</p>
<ul>
<li>Processor: Intel Core i5</li>
<li>Memory: 16GB RAM</li>
<li>Storage: 512GB Storage</li>
<li>Input note: X360 Touch</li>
</ul>
<h3>Ideal Use</h3>
<p>Ideal for presentations, note-taking, office work, online meetings, and day-to-day productivity where touch input is useful.</p>
<h3>Condition &amp; Warranty</h3>
<p>Condition: Refurbished. Warranty: 3-month limited hardware warranty from SES ICT HUB unless stated otherwise. Please confirm the exact unit details, included accessories, and cosmetic state before purchase.</p>",HP 1040 G7 16GB 512GB Price in Kenya | SES ICT HUB,"Buy HP 1040 G7 with Intel Core i5, 16GB RAM, and 512GB Storage at KES 43,500 from SES ICT HUB in Nairobi, Kenya. Refurbished. 3-month limited hardware warranty",HP 1040 G7 price in Kenya,"HP 1040 G7 price in Kenya, HP 1040 G7, HP 1040 G7 Nairobi, HP 1040 G7 16GB 512GB, HP 2-in-1 Laptop Kenya, refurbished HP 2-in-1 Laptop Kenya, HP 1040 G7 Nairobi, Kenya",Refurbished,3-month limited hardware warranty from SES ICT HUB unless stated otherwise.,in_stock
"HP 1040 G7 2-in-1 Laptop - Intel Core i5, 16GB RAM, 256GB Storage",hp-1040-g7-2-in-1-laptop-i5-16gb-256gb,2-in-1 Laptop,HP,40500,45400,Intel Core i5; 16GB RAM; 256GB Storage; X360 Touch,"Refurbished HP 1040 G7 2-in-1 laptop with Intel Core i5, 16GB RAM, 256GB Storage, and X360 Touch. Available from SES ICT HUB in Nairobi, Kenya.","<p>HP 1040 G7 is a refurbished 2-in-1 laptop available from SES ICT HUB in Nairobi, Kenya. This unit is listed with Intel Core i5, 16GB RAM, and 256GB Storage at KES 40,500.</p>
<ul>
<li>Processor: Intel Core i5</li>
<li>Memory: 16GB RAM</li>
<li>Storage: 256GB Storage</li>
<li>Input note: X360 Touch</li>
</ul>
<h3>Ideal Use</h3>
<p>Ideal for presentations, note-taking, office work, online meetings, and day-to-day productivity where touch input is useful.</p>
<h3>Condition &amp; Warranty</h3>
<p>Condition: Refurbished. Warranty: 3-month limited hardware warranty from SES ICT HUB unless stated otherwise. Please confirm the exact unit details, included accessories, and cosmetic state before purchase.</p>",HP 1040 G7 16GB 256GB Price in Kenya | SES ICT HUB,"Buy HP 1040 G7 with Intel Core i5, 16GB RAM, and 256GB Storage at KES 40,500 from SES ICT HUB in Nairobi, Kenya. Refurbished. 3-month limited hardware warranty",HP 1040 G7 price in Kenya,"HP 1040 G7 price in Kenya, HP 1040 G7, HP 1040 G7 Nairobi, HP 1040 G7 16GB 256GB, HP 2-in-1 Laptop Kenya, refurbished HP 2-in-1 Laptop Kenya, HP 1040 G7 Nairobi, Kenya",Refurbished,3-month limited hardware warranty from SES ICT HUB unless stated otherwise.,in_stock
"HP 1040 G6 2-in-1 Laptop - Intel Core i7, 16GB RAM, 512GB Storage",hp-1040-g6-2-in-1-laptop-i7-16gb-512gb,2-in-1 Laptop,HP,44000,49300,Intel Core i7; 16GB RAM; 512GB Storage; X360 Touch,"Refurbished HP 1040 G6 2-in-1 laptop with Intel Core i7, 16GB RAM, 512GB Storage, and X360 Touch. Available from SES ICT HUB in Nairobi, Kenya.","<p>HP 1040 G6 is a refurbished 2-in-1 laptop available from SES ICT HUB in Nairobi, Kenya. This unit is listed with Intel Core i7, 16GB RAM, and 512GB Storage at KES 44,000.</p>
<ul>
<li>Processor: Intel Core i7</li>
<li>Memory: 16GB RAM</li>
<li>Storage: 512GB Storage</li>
<li>Input note: X360 Touch</li>
</ul>
<h3>Ideal Use</h3>
<p>Ideal for presentations, note-taking, office work, online meetings, and day-to-day productivity where touch input is useful.</p>
<h3>Condition &amp; Warranty</h3>
<p>Condition: Refurbished. Warranty: 3-month limited hardware warranty from SES ICT HUB unless stated otherwise. Please confirm the exact unit details, included accessories, and cosmetic state before purchase.</p>",HP 1040 G6 16GB 512GB Price in Kenya | SES ICT HUB,"Buy HP 1040 G6 with Intel Core i7, 16GB RAM, and 512GB Storage at KES 44,000 from SES ICT HUB in Nairobi, Kenya. Refurbished. 3-month limited hardware warranty",HP 1040 G6 price in Kenya,"HP 1040 G6 price in Kenya, HP 1040 G6, HP 1040 G6 Nairobi, HP 1040 G6 16GB 512GB, HP 2-in-1 Laptop Kenya, refurbished HP 2-in-1 Laptop Kenya, HP 1040 G6 Nairobi, Kenya",Refurbished,3-month limited hardware warranty from SES ICT HUB unless stated otherwise.,in_stock
"HP 1040 G6 2-in-1 Laptop - Intel Core i5, 16GB RAM, 512GB Storage",hp-1040-g6-2-in-1-laptop-i5-16gb-512gb,2-in-1 Laptop,HP,39500,44300,Intel Core i5; 16GB RAM; 512GB Storage; X360 Touch,"Refurbished HP 1040 G6 2-in-1 laptop with Intel Core i5, 16GB RAM, 512GB Storage, and X360 Touch. Available from SES ICT HUB in Nairobi, Kenya.","<p>HP 1040 G6 is a refurbished 2-in-1 laptop available from SES ICT HUB in Nairobi, Kenya. This unit is listed with Intel Core i5, 16GB RAM, and 512GB Storage at KES 39,500.</p>
<ul>
<li>Processor: Intel Core i5</li>
<li>Memory: 16GB RAM</li>
<li>Storage: 512GB Storage</li>
<li>Input note: X360 Touch</li>
</ul>
<h3>Ideal Use</h3>
<p>Ideal for presentations, note-taking, office work, online meetings, and day-to-day productivity where touch input is useful.</p>
<h3>Condition &amp; Warranty</h3>
<p>Condition: Refurbished. Warranty: 3-month limited hardware warranty from SES ICT HUB unless stated otherwise. Please confirm the exact unit details, included accessories, and cosmetic state before purchase.</p>",HP 1040 G6 16GB 512GB Price in Kenya | SES ICT HUB,"Buy HP 1040 G6 with Intel Core i5, 16GB RAM, and 512GB Storage at KES 39,500 from SES ICT HUB in Nairobi, Kenya. Refurbished. 3-month limited hardware warranty",HP 1040 G6 price in Kenya,"HP 1040 G6 price in Kenya, HP 1040 G6, HP 1040 G6 Nairobi, HP 1040 G6 16GB 512GB, HP 2-in-1 Laptop Kenya, refurbished HP 2-in-1 Laptop Kenya, HP 1040 G6 Nairobi, Kenya",Refurbished,3-month limited hardware warranty from SES ICT HUB unless stated otherwise.,in_stock
"HP 1040 G5 2-in-1 Laptop - Intel Core i5, 16GB RAM, 512GB Storage",hp-1040-g5-2-in-1-laptop-i5-16gb-512gb,2-in-1 Laptop,HP,38500,43200,Intel Core i5; 16GB RAM; 512GB Storage; X360 Touch,"Refurbished HP 1040 G5 2-in-1 laptop with Intel Core i5, 16GB RAM, 512GB Storage, and X360 Touch. Available from SES ICT HUB in Nairobi, Kenya.","<p>HP 1040 G5 is a refurbished 2-in-1 laptop available from SES ICT HUB in Nairobi, Kenya. This unit is listed with Intel Core i5, 16GB RAM, and 512GB Storage at KES 38,500.</p>
<ul>
<li>Processor: Intel Core i5</li>
<li>Memory: 16GB RAM</li>
<li>Storage: 512GB Storage</li>
<li>Input note: X360 Touch</li>
</ul>
<h3>Ideal Use</h3>
<p>Ideal for presentations, note-taking, office work, online meetings, and day-to-day productivity where touch input is useful.</p>
<h3>Condition &amp; Warranty</h3>
<p>Condition: Refurbished. Warranty: 3-month limited hardware warranty from SES ICT HUB unless stated otherwise. Please confirm the exact unit details, included accessories, and cosmetic state before purchase.</p>",HP 1040 G5 16GB 512GB Price in Kenya | SES ICT HUB,"Buy HP 1040 G5 with Intel Core i5, 16GB RAM, and 512GB Storage at KES 38,500 from SES ICT HUB in Nairobi, Kenya. Refurbished. 3-month limited hardware warranty",HP 1040 G5 price in Kenya,"HP 1040 G5 price in Kenya, HP 1040 G5, HP 1040 G5 Nairobi, HP 1040 G5 16GB 512GB, HP 2-in-1 Laptop Kenya, refurbished HP 2-in-1 Laptop Kenya, HP 1040 G5 Nairobi, Kenya",Refurbished,3-month limited hardware warranty from SES ICT HUB unless stated otherwise.,in_stock
"Dell XPS 13 7390 Laptop - Intel Core i7, 16GB RAM, 512GB Storage",dell-xps-13-7390-laptop-i7-16gb-512gb,Laptop,Dell,47500,53300,Intel Core i7; 16GB RAM; 512GB Storage; 10th Gen; Non Touch,"Refurbished Dell XPS 13 7390 laptop with Intel Core i7, 16GB RAM, 512GB Storage, 10th Gen, and Non Touch. Available from SES ICT HUB in Nairobi, Kenya.","<p>Dell XPS 13 7390 is a refurbished laptop available from SES ICT HUB in Nairobi, Kenya. This unit is listed with Intel Core i7, 16GB RAM, 512GB Storage, and 10th Gen at KES 47,500.</p>
<ul>
<li>Processor: Intel Core i7</li>
<li>Memory: 16GB RAM</li>
<li>Storage: 512GB Storage</li>
<li>Platform note: 10th Gen</li>
<li>Input note: Non Touch</li>
</ul>
<h3>Ideal Use</h3>
<p>Ideal for business use, multitasking, research, remote work, coding, and daily productivity tasks.</p>
<h3>Condition &amp; Warranty</h3>
<p>Condition: Refurbished. Warranty: 3-month limited hardware warranty from SES ICT HUB unless stated otherwise. Please confirm the exact unit details, included accessories, and cosmetic state before purchase.</p>",Dell XPS 13 7390 16GB 512GB Price in Kenya | SES ICT HUB,"Buy Dell XPS 13 7390 with Intel Core i7, 16GB RAM, 512GB Storage, and 10th Gen at KES 47,500 from SES ICT HUB in Nairobi, Kenya. Refurbished. 3-month limited",Dell XPS 13 7390 price in Kenya,"Dell XPS 13 7390 price in Kenya, Dell XPS 13 7390, Dell XPS 13 7390 Nairobi, Dell XPS 13 7390 16GB 512GB, Dell Laptop Kenya, refurbished Dell Laptop Kenya, Dell XPS 13 7390 Nairobi, Kenya",Refurbished,3-month limited hardware warranty from SES ICT HUB unless stated otherwise.,in_stock
"Dell 7410 Laptop - Intel Core i7, 16GB RAM, 512GB Storage",dell-7410-laptop-i7-16gb-512gb,Laptop,Dell,38500,43200,Intel Core i7; 16GB RAM; 512GB Storage; 10th Gen,"Refurbished Dell 7410 laptop with Intel Core i7, 16GB RAM, 512GB Storage, and 10th Gen. Available from SES ICT HUB in Nairobi, Kenya.","<p>Dell 7410 is a refurbished laptop available from SES ICT HUB in Nairobi, Kenya. This unit is listed with Intel Core i7, 16GB RAM, 512GB Storage, and 10th Gen at KES 38,500.</p>
<ul>
<li>Processor: Intel Core i7</li>
<li>Memory: 16GB RAM</li>
<li>Storage: 512GB Storage</li>
<li>Platform note: 10th Gen</li>
</ul>
<h3>Ideal Use</h3>
<p>Ideal for business use, multitasking, research, remote work, coding, and daily productivity tasks.</p>
<h3>Condition &amp; Warranty</h3>
<p>Condition: Refurbished. Warranty: 3-month limited hardware warranty from SES ICT HUB unless stated otherwise. Please confirm the exact unit details, included accessories, and cosmetic state before purchase.</p>",Dell 7410 16GB 512GB Price in Kenya | SES ICT HUB,"Buy Dell 7410 with Intel Core i7, 16GB RAM, 512GB Storage, and 10th Gen at KES 38,500 from SES ICT HUB in Nairobi, Kenya. Refurbished. 3-month limited hardware",Dell 7410 price in Kenya,"Dell 7410 price in Kenya, Dell 7410, Dell 7410 Nairobi, Dell 7410 16GB 512GB, Dell Laptop Kenya, refurbished Dell Laptop Kenya, Dell 7410 Nairobi, Kenya",Refurbished,3-month limited hardware warranty from SES ICT HUB unless stated otherwise.,in_stock
"Dell 7320 Laptop - Intel Core i5, 16GB RAM, 256GB Storage",dell-7320-laptop-i5-16gb-256gb,Laptop,Dell,36500,40900,Intel Core i5; 16GB RAM; 256GB Storage; 11th Gen,"Refurbished Dell 7320 laptop with Intel Core i5, 16GB RAM, 256GB Storage, and 11th Gen. Available from SES ICT HUB in Nairobi, Kenya.","<p>Dell 7320 is a refurbished laptop available from SES ICT HUB in Nairobi, Kenya. This unit is listed with Intel Core i5, 16GB RAM, 256GB Storage, and 11th Gen at KES 36,500.</p>
<ul>
<li>Processor: Intel Core i5</li>
<li>Memory: 16GB RAM</li>
<li>Storage: 256GB Storage</li>
<li>Platform note: 11th Gen</li>
</ul>
<h3>Ideal Use</h3>
<p>Ideal for business use, multitasking, research, remote work, coding, and daily productivity tasks.</p>
<h3>Condition &amp; Warranty</h3>
<p>Condition: Refurbished. Warranty: 3-month limited hardware warranty from SES ICT HUB unless stated otherwise. Please confirm the exact unit details, included accessories, and cosmetic state before purchase.</p>",Dell 7320 16GB 256GB Price in Kenya | SES ICT HUB,"Buy Dell 7320 with Intel Core i5, 16GB RAM, 256GB Storage, and 11th Gen at KES 36,500 from SES ICT HUB in Nairobi, Kenya. Refurbished. 3-month limited hardware",Dell 7320 price in Kenya,"Dell 7320 price in Kenya, Dell 7320, Dell 7320 Nairobi, Dell 7320 16GB 256GB, Dell Laptop Kenya, refurbished Dell Laptop Kenya, Dell 7320 Nairobi, Kenya",Refurbished,3-month limited hardware warranty from SES ICT HUB unless stated otherwise.,in_stock
"Dell 7310 Laptop - Intel Core i5, 8GB RAM, 256GB Storage",dell-7310-laptop-i5-8gb-256gb,Laptop,Dell,27000,30300,Intel Core i5; 8GB RAM; 256GB Storage; 10th Gen,"Refurbished Dell 7310 laptop with Intel Core i5, 8GB RAM, 256GB Storage, and 10th Gen. Available from SES ICT HUB in Nairobi, Kenya.","<p>Dell 7310 is a refurbished laptop available from SES ICT HUB in Nairobi, Kenya. This unit is listed with Intel Core i5, 8GB RAM, 256GB Storage, and 10th Gen at KES 27,000.</p>
<ul>
<li>Processor: Intel Core i5</li>
<li>Memory: 8GB RAM</li>
<li>Storage: 256GB Storage</li>
<li>Platform note: 10th Gen</li>
</ul>
<h3>Ideal Use</h3>
<p>Ideal for everyday office work, browsing, email, online classes, and general productivity.</p>
<h3>Condition &amp; Warranty</h3>
<p>Condition: Refurbished. Warranty: 3-month limited hardware warranty from SES ICT HUB unless stated otherwise. Please confirm the exact unit details, included accessories, and cosmetic state before purchase.</p>",Dell 7310 8GB 256GB Price in Kenya | SES ICT HUB,"Buy Dell 7310 with Intel Core i5, 8GB RAM, 256GB Storage, and 10th Gen at KES 27,000 from SES ICT HUB in Nairobi, Kenya. Refurbished. 3-month limited hardware",Dell 7310 price in Kenya,"Dell 7310 price in Kenya, Dell 7310, Dell 7310 Nairobi, Dell 7310 8GB 256GB, Dell Laptop Kenya, refurbished Dell Laptop Kenya, Dell 7310 Nairobi, Kenya",Refurbished,3-month limited hardware warranty from SES ICT HUB unless stated otherwise.,in_stock
"Dell 7300 Laptop - Intel Core i7, 8GB RAM, 256GB Storage",dell-7300-laptop-i7-8gb-256gb,Laptop,Dell,27500,30900,Intel Core i7; 8GB RAM; 256GB Storage; 8th Gen; Touch,"Refurbished Dell 7300 laptop with Intel Core i7, 8GB RAM, 256GB Storage, 8th Gen, and Touch. Available from SES ICT HUB in Nairobi, Kenya.","<p>Dell 7300 is a refurbished laptop available from SES ICT HUB in Nairobi, Kenya. This unit is listed with Intel Core i7, 8GB RAM, 256GB Storage, and 8th Gen at KES 27,500.</p>
<ul>
<li>Processor: Intel Core i7</li>
<li>Memory: 8GB RAM</li>
<li>Storage: 256GB Storage</li>
<li>Platform note: 8th Gen</li>
<li>Input note: Touch</li>
</ul>
<h3>Ideal Use</h3>
<p>Ideal for everyday office work, browsing, email, online classes, and general productivity.</p>
<h3>Condition &amp; Warranty</h3>
<p>Condition: Refurbished. Warranty: 3-month limited hardware warranty from SES ICT HUB unless stated otherwise. Please confirm the exact unit details, included accessories, and cosmetic state before purchase.</p>",Dell 7300 8GB 256GB Price in Kenya | SES ICT HUB,"Buy Dell 7300 with Intel Core i7, 8GB RAM, 256GB Storage, and 8th Gen at KES 27,500 from SES ICT HUB in Nairobi, Kenya. Refurbished. 3-month limited hardware",Dell 7300 price in Kenya,"Dell 7300 price in Kenya, Dell 7300, Dell 7300 Nairobi, Dell 7300 8GB 256GB, Dell Laptop Kenya, refurbished Dell Laptop Kenya, Dell 7300 Nairobi, Kenya",Refurbished,3-month limited hardware warranty from SES ICT HUB unless stated otherwise.,in_stock
"Dell 7300 Laptop - Intel Core i5, 8GB RAM, 256GB Storage",dell-7300-laptop-i5-8gb-256gb,Laptop,Dell,23000,25800,Intel Core i5; 8GB RAM; 256GB Storage; 8th Gen; Non Touch,"Refurbished Dell 7300 laptop with Intel Core i5, 8GB RAM, 256GB Storage, 8th Gen, and Non Touch. Available from SES ICT HUB in Nairobi, Kenya.","<p>Dell 7300 is a refurbished laptop available from SES ICT HUB in Nairobi, Kenya. This unit is listed with Intel Core i5, 8GB RAM, 256GB Storage, and 8th Gen at KES 23,000.</p>
<ul>
<li>Processor: Intel Core i5</li>
<li>Memory: 8GB RAM</li>
<li>Storage: 256GB Storage</li>
<li>Platform note: 8th Gen</li>
<li>Input note: Non Touch</li>
</ul>
<h3>Ideal Use</h3>
<p>Ideal for everyday office work, browsing, email, online classes, and general productivity.</p>
<h3>Condition &amp; Warranty</h3>
<p>Condition: Refurbished. Warranty: 3-month limited hardware warranty from SES ICT HUB unless stated otherwise. Please confirm the exact unit details, included accessories, and cosmetic state before purchase.</p>",Dell 7300 8GB 256GB Price in Kenya | SES ICT HUB,"Buy Dell 7300 with Intel Core i5, 8GB RAM, 256GB Storage, and 8th Gen at KES 23,000 from SES ICT HUB in Nairobi, Kenya. Refurbished. 3-month limited hardware",Dell 7300 price in Kenya,"Dell 7300 price in Kenya, Dell 7300, Dell 7300 Nairobi, Dell 7300 8GB 256GB, Dell Laptop Kenya, refurbished Dell Laptop Kenya, Dell 7300 Nairobi, Kenya",Refurbished,3-month limited hardware warranty from SES ICT HUB unless stated otherwise.,in_stock
"Dell 7490 Laptop - Intel Core i5, 8GB RAM, 256GB Storage",dell-7490-laptop-i5-8gb-256gb,Laptop,Dell,24500,27500,Intel Core i5; 8GB RAM; 256GB Storage; 8th Gen; Touch,"Refurbished Dell 7490 laptop with Intel Core i5, 8GB RAM, 256GB Storage, 8th Gen, and Touch. Available from SES ICT HUB in Nairobi, Kenya.","<p>Dell 7490 is a refurbished laptop available from SES ICT HUB in Nairobi, Kenya. This unit is listed with Intel Core i5, 8GB RAM, 256GB Storage, and 8th Gen at KES 24,500.</p>
<ul>
<li>Processor: Intel Core i5</li>
<li>Memory: 8GB RAM</li>
<li>Storage: 256GB Storage</li>
<li>Platform note: 8th Gen</li>
<li>Input note: Touch</li>
</ul>
<h3>Ideal Use</h3>
<p>Ideal for everyday office work, browsing, email, online classes, and general productivity.</p>
<h3>Condition &amp; Warranty</h3>
<p>Condition: Refurbished. Warranty: 3-month limited hardware warranty from SES ICT HUB unless stated otherwise. Please confirm the exact unit details, included accessories, and cosmetic state before purchase.</p>",Dell 7490 8GB 256GB Price in Kenya | SES ICT HUB,"Buy Dell 7490 with Intel Core i5, 8GB RAM, 256GB Storage, and 8th Gen at KES 24,500 from SES ICT HUB in Nairobi, Kenya. Refurbished. 3-month limited hardware",Dell 7490 price in Kenya,"Dell 7490 price in Kenya, Dell 7490, Dell 7490 Nairobi, Dell 7490 8GB 256GB, Dell Laptop Kenya, refurbished Dell Laptop Kenya, Dell 7490 Nairobi, Kenya",Refurbished,3-month limited hardware warranty from SES ICT HUB unless stated otherwise.,in_stock
"Dell 7390 Laptop - Intel Core i7, 8GB RAM, 256GB Storage",dell-7390-laptop-i7-8gb-256gb,Laptop,Dell,25500,28600,Intel Core i7; 8GB RAM; 256GB Storage; 8th Gen,"Refurbished Dell 7390 laptop with Intel Core i7, 8GB RAM, 256GB Storage, and 8th Gen. Available from SES ICT HUB in Nairobi, Kenya.","<p>Dell 7390 is a refurbished laptop available from SES ICT HUB in Nairobi, Kenya. This unit is listed with Intel Core i7, 8GB RAM, 256GB Storage, and 8th Gen at KES 25,500.</p>
<ul>
<li>Processor: Intel Core i7</li>
<li>Memory: 8GB RAM</li>
<li>Storage: 256GB Storage</li>
<li>Platform note: 8th Gen</li>
</ul>
<h3>Ideal Use</h3>
<p>Ideal for everyday office work, browsing, email, online classes, and general productivity.</p>
<h3>Condition &amp; Warranty</h3>
<p>Condition: Refurbished. Warranty: 3-month limited hardware warranty from SES ICT HUB unless stated otherwise. Please confirm the exact unit details, included accessories, and cosmetic state before purchase.</p>",Dell 7390 8GB 256GB Price in Kenya | SES ICT HUB,"Buy Dell 7390 with Intel Core i7, 8GB RAM, 256GB Storage, and 8th Gen at KES 25,500 from SES ICT HUB in Nairobi, Kenya. Refurbished. 3-month limited hardware",Dell 7390 price in Kenya,"Dell 7390 price in Kenya, Dell 7390, Dell 7390 Nairobi, Dell 7390 8GB 256GB, Dell Laptop Kenya, refurbished Dell Laptop Kenya, Dell 7390 Nairobi, Kenya",Refurbished,3-month limited hardware warranty from SES ICT HUB unless stated otherwise.,in_stock
"Lenovo X1 Yoga 2-in-1 Laptop - Intel Core i7, 16GB RAM, 512GB Storage",lenovo-x1-yoga-2-in-1-laptop-i7-16gb-512gb,2-in-1 Laptop,Lenovo,55500,62200,Intel Core i7; 16GB RAM; 512GB Storage; 11th Gen; X360 Touch,"Refurbished Lenovo X1 Yoga 2-in-1 laptop with Intel Core i7, 16GB RAM, 512GB Storage, 11th Gen, and X360 Touch. Available from SES ICT HUB in Nairobi, Kenya.","<p>Lenovo X1 Yoga is a refurbished 2-in-1 laptop available from SES ICT HUB in Nairobi, Kenya. This unit is listed with Intel Core i7, 16GB RAM, 512GB Storage, and 11th Gen at KES 55,500.</p>
<ul>
<li>Processor: Intel Core i7</li>
<li>Memory: 16GB RAM</li>
<li>Storage: 512GB Storage</li>
<li>Platform note: 11th Gen</li>
<li>Input note: X360 Touch</li>
</ul>
<h3>Ideal Use</h3>
<p>Ideal for presentations, note-taking, office work, online meetings, and day-to-day productivity where touch input is useful.</p>
<h3>Condition &amp; Warranty</h3>
<p>Condition: Refurbished. Warranty: 3-month limited hardware warranty from SES ICT HUB unless stated otherwise. Please confirm the exact unit details, included accessories, and cosmetic state before purchase.</p>",Lenovo X1 Yoga 16GB 512GB Price in Kenya | SES ICT HUB,"Buy Lenovo X1 Yoga with Intel Core i7, 16GB RAM, 512GB Storage, and 11th Gen at KES 55,500 from SES ICT HUB in Nairobi, Kenya. Refurbished. 3-month limited",Lenovo X1 Yoga price in Kenya,"Lenovo X1 Yoga price in Kenya, Lenovo X1 Yoga, Lenovo X1 Yoga Nairobi, Lenovo X1 Yoga 16GB 512GB, Lenovo 2-in-1 Laptop Kenya, refurbished Lenovo 2-in-1 Laptop Kenya, Lenovo X1 Yoga Nairobi, Kenya",Refurbished,3-month limited hardware warranty from SES ICT HUB unless stated otherwise.,in_stock
"Lenovo X1 Yoga 2-in-1 Laptop - Intel Core i7, 16GB RAM, 512GB Storage",lenovo-x1-yoga-2-in-1-laptop-i7-16gb-512gb-2,2-in-1 Laptop,Lenovo,50500,56600,Intel Core i7; 16GB RAM; 512GB Storage; 10th Gen; X360 Touch,"Refurbished Lenovo X1 Yoga 2-in-1 laptop with Intel Core i7, 16GB RAM, 512GB Storage, 10th Gen, and X360 Touch. Available from SES ICT HUB in Nairobi, Kenya.","<p>Lenovo X1 Yoga is a refurbished 2-in-1 laptop available from SES ICT HUB in Nairobi, Kenya. This unit is listed with Intel Core i7, 16GB RAM, 512GB Storage, and 10th Gen at KES 50,500.</p>
<ul>
<li>Processor: Intel Core i7</li>
<li>Memory: 16GB RAM</li>
<li>Storage: 512GB Storage</li>
<li>Platform note: 10th Gen</li>
<li>Input note: X360 Touch</li>
</ul>
<h3>Ideal Use</h3>
<p>Ideal for presentations, note-taking, office work, online meetings, and day-to-day productivity where touch input is useful.</p>
<h3>Condition &amp; Warranty</h3>
<p>Condition: Refurbished. Warranty: 3-month limited hardware warranty from SES ICT HUB unless stated otherwise. Please confirm the exact unit details, included accessories, and cosmetic state before purchase.</p>",Lenovo X1 Yoga 16GB 512GB Price in Kenya | SES ICT HUB,"Buy Lenovo X1 Yoga with Intel Core i7, 16GB RAM, 512GB Storage, and 10th Gen at KES 50,500 from SES ICT HUB in Nairobi, Kenya. Refurbished. 3-month limited",Lenovo X1 Yoga price in Kenya,"Lenovo X1 Yoga price in Kenya, Lenovo X1 Yoga, Lenovo X1 Yoga Nairobi, Lenovo X1 Yoga 16GB 512GB, Lenovo 2-in-1 Laptop Kenya, refurbished Lenovo 2-in-1 Laptop Kenya, Lenovo X1 Yoga Nairobi, Kenya",Refurbished,3-month limited hardware warranty from SES ICT HUB unless stated otherwise.,in_stock
"Lenovo X1 Yoga 2-in-1 Laptop - Intel Core i7, 8GB RAM, 512GB Storage",lenovo-x1-yoga-2-in-1-laptop-i7-8gb-512gb,2-in-1 Laptop,Lenovo,46500,52100,Intel Core i7; 8GB RAM; 512GB Storage; 10th Gen; X360 Touch,"Refurbished Lenovo X1 Yoga 2-in-1 laptop with Intel Core i7, 8GB RAM, 512GB Storage, 10th Gen, and X360 Touch. Available from SES ICT HUB in Nairobi, Kenya.","<p>Lenovo X1 Yoga is a refurbished 2-in-1 laptop available from SES ICT HUB in Nairobi, Kenya. This unit is listed with Intel Core i7, 8GB RAM, 512GB Storage, and 10th Gen at KES 46,500.</p>
<ul>
<li>Processor: Intel Core i7</li>
<li>Memory: 8GB RAM</li>
<li>Storage: 512GB Storage</li>
<li>Platform note: 10th Gen</li>
<li>Input note: X360 Touch</li>
</ul>
<h3>Ideal Use</h3>
<p>Ideal for presentations, note-taking, office work, online meetings, and day-to-day productivity where touch input is useful.</p>
<h3>Condition &amp; Warranty</h3>
<p>Condition: Refurbished. Warranty: 3-month limited hardware warranty from SES ICT HUB unless stated otherwise. Please confirm the exact unit details, included accessories, and cosmetic state before purchase.</p>",Lenovo X1 Yoga 8GB 512GB Price in Kenya | SES ICT HUB,"Buy Lenovo X1 Yoga with Intel Core i7, 8GB RAM, 512GB Storage, and 10th Gen at KES 46,500 from SES ICT HUB in Nairobi, Kenya. Refurbished. 3-month limited",Lenovo X1 Yoga price in Kenya,"Lenovo X1 Yoga price in Kenya, Lenovo X1 Yoga, Lenovo X1 Yoga Nairobi, Lenovo X1 Yoga 8GB 512GB, Lenovo 2-in-1 Laptop Kenya, refurbished Lenovo 2-in-1 Laptop Kenya, Lenovo X1 Yoga Nairobi, Kenya",Refurbished,3-month limited hardware warranty from SES ICT HUB unless stated otherwise.,in_stock
"Lenovo X13 Laptop - Intel Core i7, 16GB RAM, 512GB Storage",lenovo-x13-laptop-i7-16gb-512gb,Laptop,Lenovo,38500,43200,Intel Core i7; 16GB RAM; 512GB Storage; 10th Gen; Touch,"Refurbished Lenovo X13 laptop with Intel Core i7, 16GB RAM, 512GB Storage, 10th Gen, and Touch. Available from SES ICT HUB in Nairobi, Kenya.","<p>Lenovo X13 is a refurbished laptop available from SES ICT HUB in Nairobi, Kenya. This unit is listed with Intel Core i7, 16GB RAM, 512GB Storage, and 10th Gen at KES 38,500.</p>
<ul>
<li>Processor: Intel Core i7</li>
<li>Memory: 16GB RAM</li>
<li>Storage: 512GB Storage</li>
<li>Platform note: 10th Gen</li>
<li>Input note: Touch</li>
</ul>
<h3>Ideal Use</h3>
<p>Ideal for business use, multitasking, research, remote work, coding, and daily productivity tasks.</p>
<h3>Condition &amp; Warranty</h3>
<p>Condition: Refurbished. Warranty: 3-month limited hardware warranty from SES ICT HUB unless stated otherwise. Please confirm the exact unit details, included accessories, and cosmetic state before purchase.</p>",Lenovo X13 16GB 512GB Price in Kenya | SES ICT HUB,"Buy Lenovo X13 with Intel Core i7, 16GB RAM, 512GB Storage, and 10th Gen at KES 38,500 from SES ICT HUB in Nairobi, Kenya. Refurbished. 3-month limited hardware",Lenovo X13 price in Kenya,"Lenovo X13 price in Kenya, Lenovo X13, Lenovo X13 Nairobi, Lenovo X13 16GB 512GB, Lenovo Laptop Kenya, refurbished Lenovo Laptop Kenya, Lenovo X13 Nairobi, Kenya",Refurbished,3-month limited hardware warranty from SES ICT HUB unless stated otherwise.,in_stock
"Lenovo X1 Carbon Laptop - Intel Core i7, 16GB RAM, 512GB Storage",lenovo-x1-carbon-laptop-i7-16gb-512gb,Laptop,Lenovo,37500,42100,Intel Core i7; 16GB RAM; 512GB Storage; 8th Gen; Touch,"Refurbished Lenovo X1 Carbon laptop with Intel Core i7, 16GB RAM, 512GB Storage, 8th Gen, and Touch. Available from SES ICT HUB in Nairobi, Kenya.","<p>Lenovo X1 Carbon is a refurbished laptop available from SES ICT HUB in Nairobi, Kenya. This unit is listed with Intel Core i7, 16GB RAM, 512GB Storage, and 8th Gen at KES 37,500.</p>
<ul>
<li>Processor: Intel Core i7</li>
<li>Memory: 16GB RAM</li>
<li>Storage: 512GB Storage</li>
<li>Platform note: 8th Gen</li>
<li>Input note: Touch</li>
</ul>
<h3>Ideal Use</h3>
<p>Ideal for business use, multitasking, research, remote work, coding, and daily productivity tasks.</p>
<h3>Condition &amp; Warranty</h3>
<p>Condition: Refurbished. Warranty: 3-month limited hardware warranty from SES ICT HUB unless stated otherwise. Please confirm the exact unit details, included accessories, and cosmetic state before purchase.</p>",Lenovo X1 Carbon 16GB 512GB Price in Kenya | SES ICT HUB,"Buy Lenovo X1 Carbon with Intel Core i7, 16GB RAM, 512GB Storage, and 8th Gen at KES 37,500 from SES ICT HUB in Nairobi, Kenya. Refurbished. 3-month limited",Lenovo X1 Carbon price in Kenya,"Lenovo X1 Carbon price in Kenya, Lenovo X1 Carbon, Lenovo X1 Carbon Nairobi, Lenovo X1 Carbon 16GB 512GB, Lenovo Laptop Kenya, refurbished Lenovo Laptop Kenya, Lenovo X1 Carbon Nairobi, Kenya",Refurbished,3-month limited hardware warranty from SES ICT HUB unless stated otherwise.,in_stock
"Lenovo X1 Carbon Laptop - Intel Core i7, 16GB RAM, 512GB Storage",lenovo-x1-carbon-laptop-i7-16gb-512gb-2,Laptop,Lenovo,35500,39800,Intel Core i7; 16GB RAM; 512GB Storage; 8th Gen; Non Touch,"Refurbished Lenovo X1 Carbon laptop with Intel Core i7, 16GB RAM, 512GB Storage, 8th Gen, and Non Touch. Available from SES ICT HUB in Nairobi, Kenya.","<p>Lenovo X1 Carbon is a refurbished laptop available from SES ICT HUB in Nairobi, Kenya. This unit is listed with Intel Core i7, 16GB RAM, 512GB Storage, and 8th Gen at KES 35,500.</p>
<ul>
<li>Processor: Intel Core i7</li>
<li>Memory: 16GB RAM</li>
<li>Storage: 512GB Storage</li>
<li>Platform note: 8th Gen</li>
<li>Input note: Non Touch</li>
</ul>
<h3>Ideal Use</h3>
<p>Ideal for business use, multitasking, research, remote work, coding, and daily productivity tasks.</p>
<h3>Condition &amp; Warranty</h3>
<p>Condition: Refurbished. Warranty: 3-month limited hardware warranty from SES ICT HUB unless stated otherwise. Please confirm the exact unit details, included accessories, and cosmetic state before purchase.</p>",Lenovo X1 Carbon 16GB 512GB Price in Kenya | SES ICT HUB,"Buy Lenovo X1 Carbon with Intel Core i7, 16GB RAM, 512GB Storage, and 8th Gen at KES 35,500 from SES ICT HUB in Nairobi, Kenya. Refurbished. 3-month limited",Lenovo X1 Carbon price in Kenya,"Lenovo X1 Carbon price in Kenya, Lenovo X1 Carbon, Lenovo X1 Carbon Nairobi, Lenovo X1 Carbon 16GB 512GB, Lenovo Laptop Kenya, refurbished Lenovo Laptop Kenya, Lenovo X1 Carbon Nairobi, Kenya",Refurbished,3-month limited hardware warranty from SES ICT HUB unless stated otherwise.,in_stock
"Lenovo X280 Laptop - Intel Core i7, 16GB RAM, 512GB Storage",lenovo-x280-laptop-i7-16gb-512gb,Laptop,Lenovo,28500,32000,Intel Core i7; 16GB RAM; 512GB Storage; 8th Gen,"Refurbished Lenovo X280 laptop with Intel Core i7, 16GB RAM, 512GB Storage, and 8th Gen. Available from SES ICT HUB in Nairobi, Kenya.","<p>Lenovo X280 is a refurbished laptop available from SES ICT HUB in Nairobi, Kenya. This unit is listed with Intel Core i7, 16GB RAM, 512GB Storage, and 8th Gen at KES 28,500.</p>
<ul>
<li>Processor: Intel Core i7</li>
<li>Memory: 16GB RAM</li>
<li>Storage: 512GB Storage</li>
<li>Platform note: 8th Gen</li>
</ul>
<h3>Ideal Use</h3>
<p>Ideal for business use, multitasking, research, remote work, coding, and daily productivity tasks.</p>
<h3>Condition &amp; Warranty</h3>
<p>Condition: Refurbished. Warranty: 3-month limited hardware warranty from SES ICT HUB unless stated otherwise. Please confirm the exact unit details, included accessories, and cosmetic state before purchase.</p>",Lenovo X280 16GB 512GB Price in Kenya | SES ICT HUB,"Buy Lenovo X280 with Intel Core i7, 16GB RAM, 512GB Storage, and 8th Gen at KES 28,500 from SES ICT HUB in Nairobi, Kenya. Refurbished. 3-month limited hardware",Lenovo X280 price in Kenya,"Lenovo X280 price in Kenya, Lenovo X280, Lenovo X280 Nairobi, Lenovo X280 16GB 512GB, Lenovo Laptop Kenya, refurbished Lenovo Laptop Kenya, Lenovo X280 Nairobi, Kenya",Refurbished,3-month limited hardware warranty from SES ICT HUB unless stated otherwise.,in_stock
"Lenovo X280 Laptop - Intel Core i5, 8GB RAM, 256GB Storage",lenovo-x280-laptop-i5-8gb-256gb,Laptop,Lenovo,23500,26400,Intel Core i5; 8GB RAM; 256GB Storage; 8th Gen; Touch,"Refurbished Lenovo X280 laptop with Intel Core i5, 8GB RAM, 256GB Storage, 8th Gen, and Touch. Available from SES ICT HUB in Nairobi, Kenya.","<p>Lenovo X280 is a refurbished laptop available from SES ICT HUB in Nairobi, Kenya. This unit is listed with Intel Core i5, 8GB RAM, 256GB Storage, and 8th Gen at KES 23,500.</p>
<ul>
<li>Processor: Intel Core i5</li>
<li>Memory: 8GB RAM</li>
<li>Storage: 256GB Storage</li>
<li>Platform note: 8th Gen</li>
<li>Input note: Touch</li>
</ul>
<h3>Ideal Use</h3>
<p>Ideal for everyday office work, browsing, email, online classes, and general productivity.</p>
<h3>Condition &amp; Warranty</h3>
<p>Condition: Refurbished. Warranty: 3-month limited hardware warranty from SES ICT HUB unless stated otherwise. Please confirm the exact unit details, included accessories, and cosmetic state before purchase.</p>",Lenovo X280 8GB 256GB Price in Kenya | SES ICT HUB,"Buy Lenovo X280 with Intel Core i5, 8GB RAM, 256GB Storage, and 8th Gen at KES 23,500 from SES ICT HUB in Nairobi, Kenya. Refurbished. 3-month limited hardware",Lenovo X280 price in Kenya,"Lenovo X280 price in Kenya, Lenovo X280, Lenovo X280 Nairobi, Lenovo X280 8GB 256GB, Lenovo Laptop Kenya, refurbished Lenovo Laptop Kenya, Lenovo X280 Nairobi, Kenya",Refurbished,3-month limited hardware warranty from SES ICT HUB unless stated otherwise.,in_stock
